name,height,weight,avg,HR,hand,bmi
Tom Brown,73,170,0,0,Right Handed,22.4
Denny Lemaster,73,182,0.13,4,Right Handed,24
Joe Nolan,71,175,0.263,27,Left Handed,24.4
Denny Doyle,69,175,0.25,16,Left Handed,25.8
Jose Cardenal,70,150,0.275,138,Right Handed,21.5
Mike Ryan,74,205,0.193,28,Right Handed,26.3
Fritz Peterson,72,185,0.159,2,Switch Hitter,25.1
Dick Bertell,72,200,0.25,10,Right Handed,27.1
Rod Kanehl,73,180,0.241,6,Right Handed,23.7
Ozzie Osborn,74,195,0,0,Right Handed,25
John LaRose,73,185,0,0,Left Handed,24.4
Jeff Byrd,75,195,0,0,Right Handed,24.4
Juan Bonilla,69,170,0.256,7,Right Handed,25.1
Frank Tepedino,71,185,0.241,6,Left Handed,25.8
Jerry Kutzler,73,175,0,0,Left Handed,23.1
Rick Wise,73,180,0.195,15,Right Handed,23.7
Darrell Evans,74,200,0.248,414,Left Handed,25.7
Buck Martinez,70,190,0.225,58,Right Handed,27.3
John Wockenfuss,72,190,0.262,86,Right Handed,25.8
Tommy McCraw,72,183,0.246,75,Left Handed,24.8
Jeff Barkley,75,185,0,0,Switch Hitter,23.1
Eric Wilkins,73,190,0,0,Right Handed,25.1
Britt Burns,77,215,0,0,Left Handed,25.5
Lee Lacy,73,175,0.286,91,Right Handed,23.1
Pete Rose,71,192,0.303,160,Switch Hitter,26.8
Danny Walton,72,195,0.223,28,Right Handed,26.4
Bobby Cox,71,180,0.225,9,Right Handed,25.1
Brad Wellman,72,170,0.231,6,Right Handed,23.1
Jeff Newman,74,215,0.224,63,Right Handed,27.6
Pedro Gonzalez,72,176,0.244,8,Right Handed,23.9
Nardi Contreras,74,193,0,0,Switch Hitter,24.8
Tommie Reynolds,74,190,0.226,12,Right Handed,24.4
Gene Clines,69,170,0.277,5,Right Handed,25.1
Jim Hickman,75,192,0.252,159,Right Handed,24
Jack Billingham,76,195,0.111,0,Right Handed,23.7
Jerry Buchek,71,185,0.22,22,Right Handed,25.8
Ivan DeJesus,71,175,0.254,21,Right Handed,24.4
Gary Nolan,74,197,0.138,1,Right Handed,25.3
Gil Patterson,73,185,0,0,Right Handed,24.4
Fred Whitfield,73,190,0.253,108,Left Handed,25.1
Larry Dierker,76,215,0.136,4,Right Handed,26.2
Dave Skaggs,74,200,0.241,3,Right Handed,25.7
Dick Ruthven,75,190,0.183,1,Right Handed,23.7
Jerry Garvin,75,195,0,0,Left Handed,24.4
Steve Eddy,74,185,0,0,Right Handed,23.8
Dave Kingman,78,210,0.236,442,Right Handed,24.3
Eric Soderholm,71,187,0.264,102,Right Handed,26.1
Kevin Mmahat,77,220,0,0,Left Handed,26.1
Ed Brinkman,72,170,0.224,60,Right Handed,23.1
Wayne Garrett,71,175,0.239,61,Left Handed,24.4
Tony Muser,74,180,0.259,7,Left Handed,23.1
Jim Siwy,76,200,0,0,Right Handed,24.3
Bud Anderson,75,210,0,0,Right Handed,26.2
Ted Ford,70,180,0.219,17,Right Handed,25.8
Kevin Stanfield,72,190,0,0,Left Handed,25.8
Jim Lyttle,72,180,0.248,9,Left Handed,24.4
John Butcher,76,185,0,0,Right Handed,22.5
Jerry Ujdur,73,195,0,0,Right Handed,25.7
Scot Thompson,75,195,0.262,5,Left Handed,24.4
Gene Locklear,70,165,0.274,9,Left Handed,23.7
Bo Diaz,71,185,0.255,87,Right Handed,25.8
Bump Wills,69,172,0.266,36,Switch Hitter,25.4
Brian Denman,76,205,0,0,Right Handed,25
Pat Putnam,72,205,0.255,63,Left Handed,27.8
Kurt Bevacqua,72,180,0.236,27,Right Handed,24.4
Bob Fallon,75,200,0,0,Left Handed,25
Syd O'Brien,73,185,0.23,24,Right Handed,24.4
Chris Chambliss,73,195,0.279,185,Left Handed,25.7
Tom Satriano,73,185,0.225,21,Left Handed,24.4
Jeffrey Leonard,74,200,0.266,144,Right Handed,25.7
Dal Maxvill,71,157,0.217,6,Right Handed,21.9
Steve Curry,78,217,0,0,Right Handed,25.1
Cesar Tovar,69,155,0.278,46,Right Handed,22.9
Mickey Lolich,73,170,0.11,0,Switch Hitter,22.4
Ray Chadwick,74,180,0,0,Switch Hitter,23.1
Jack Heidemann,72,175,0.211,9,Right Handed,23.7
Rich Rollins,70,185,0.269,77,Right Handed,26.5
Walt Bond,79,228,0.256,41,Left Handed,25.7
Merv Rettenmund,70,190,0.271,66,Right Handed,27.3
Bryan Clutterbuck,76,223,0,0,Right Handed,27.1
Byron Browne,74,190,0.236,30,Right Handed,24.4
Hector Torres,72,175,0.216,18,Right Handed,23.7
Walt Williams,66,165,0.27,33,Right Handed,26.6
Jerry Koosman,74,205,0.119,2,Right Handed,26.3
Steve Lombardozzi,72,175,0.233,20,Right Handed,23.7
Joe Azcue,72,190,0.252,50,Right Handed,25.8
Elliott Maddox,71,180,0.261,18,Right Handed,25.1
Omar Moreno,74,180,0.252,37,Left Handed,23.1
Julian Javier,73,175,0.257,78,Right Handed,23.1
Tony Ferreira,73,160,0,0,Left Handed,21.1
Elio Chacon,69,160,0.232,4,Right Handed,23.6
Rusty Torres,70,175,0.212,35,Switch Hitter,25.1
John Stearns,72,185,0.26,46,Right Handed,25.1
Larry Brown,70,160,0.233,47,Right Handed,23
Tommy Dean,72,165,0.18,4,Right Handed,22.4
Bryan Oelkers,75,192,0,0,Left Handed,24
Kevin Bearse,74,195,0,0,Left Handed,25
Marty Martinez,72,170,0.243,0,Switch Hitter,23.1
Bruce Boisclair,74,185,0.263,10,Left Handed,23.8
Ken Singleton,76,210,0.282,246,Switch Hitter,25.6
Frank White,71,165,0.255,160,Right Handed,23
Jim Fairey,70,190,0.235,7,Left Handed,27.3
Jose Roman,72,175,0,0,Right Handed,23.7
Tom Brookens,70,165,0.246,71,Right Handed,23.7
Gary Thomasson,73,180,0.249,61,Left Handed,23.7
Mike Trujillo,73,180,0,0,Right Handed,23.7
Albert Williams,76,190,0,0,Right Handed,23.1
Oswaldo Peraza,76,172,0,0,Right Handed,20.9
Otto Velez,72,170,0.251,78,Right Handed,23.1
Tony Scott,72,164,0.249,17,Switch Hitter,22.2
Ray Oyler,71,165,0.175,15,Right Handed,23
Barry Cort,77,210,0,0,Right Handed,24.9
Floyd Robinson,69,175,0.283,67,Left Handed,25.8
Steve Jeltz,71,180,0.21,5,Switch Hitter,25.1
Lou Brock,71,170,0.293,149,Left Handed,23.7
Bill Wilkinson,70,160,0,0,Right Handed,23
Joe Lovitto,72,185,0.216,4,Switch Hitter,25.1
Mike Loynd,76,210,0,0,Right Handed,25.6
Wayne Comer,70,175,0.229,16,Right Handed,25.1
Dave Collins,71,175,0.272,32,Switch Hitter,24.4
Ed Spiezio,71,180,0.238,39,Right Handed,25.1
Rico Petrocelli,72,175,0.251,210,Right Handed,23.7
Johnny Lewis,73,189,0.227,22,Left Handed,24.9
Dick Simpson,76,176,0.207,15,Right Handed,21.4
Ken Boswell,72,170,0.248,31,Left Handed,23.1
Ken McMullen,75,190,0.248,156,Right Handed,23.7
Randy Scarbery,73,185,0,0,Switch Hitter,24.4
Steve Swisher,74,205,0.216,20,Right Handed,26.3
Ben Callahan,79,230,0,0,Right Handed,25.9
Dick Howser,68,155,0.248,16,Right Handed,23.6
Manny Castillo,69,160,0.242,3,Switch Hitter,23.6
Mike Ramsey,73,170,0.24,2,Switch Hitter,22.4
Willie Crawford,73,197,0.268,86,Left Handed,26
Bobby Cuellar,71,188,0,0,Right Handed,26.2
Willie Norwood,72,185,0.242,18,Right Handed,25.1
Mike Jones,78,215,0,0,Left Handed,24.8
Jeff Stone,72,175,0.277,11,Left Handed,23.7
Ramon Manon,72,150,0,0,Right Handed,20.3
Joe Lahoud,73,198,0.223,65,Left Handed,26.1
Tim Flannery,71,175,0.255,9,Left Handed,24.4
Dave McKay,73,195,0.229,21,Switch Hitter,25.7
John Trautwein,75,205,0,0,Right Handed,25.6
Andy Replogle,77,205,0,0,Right Handed,24.3
Zach Crouch,75,180,0,0,Left Handed,22.5
Benny Ayala,73,185,0.251,38,Right Handed,24.4
Ron Romanick,76,195,0,0,Right Handed,23.7
Greg Gross,70,160,0.287,7,Left Handed,23
Bruce Tanner,75,220,0,0,Left Handed,27.5
Sal Butera,72,190,0.227,8,Right Handed,25.8
Jack Brohamer,70,165,0.245,30,Left Handed,23.7
Von Joshua,70,170,0.273,30,Left Handed,24.4
Eddie Milner,71,173,0.253,42,Left Handed,24.1
Johnny Jeter,73,180,0.244,18,Right Handed,23.7
Angel Salazar,72,180,0.212,2,Right Handed,24.4
Tony Oliva,73,175,0.304,220,Left Handed,23.1
Cito Gaston,75,190,0.256,91,Right Handed,23.7
Cookie Rojas,70,160,0.263,54,Right Handed,23
Rich Morales,71,170,0.195,6,Right Handed,23.7
Dave Ford,76,190,0,0,Right Handed,23.1
Dan Ford,73,185,0.27,121,Right Handed,24.4
Barry Raziano,70,175,0,0,Switch Hitter,25.1
Darryl Motley,69,196,0.243,44,Right Handed,28.9
Ozzie Virgil,73,180,0.243,98,Right Handed,23.7
Johnny Oates,71,188,0.25,14,Left Handed,26.2
Pat Underwood,72,175,0,0,Left Handed,23.7
Mike Phillips,72,170,0.24,11,Left Handed,23.1
Ron Santo,72,190,0.277,342,Right Handed,25.8
Jay Johnstone,73,175,0.267,102,Left Handed,23.1
Jim Ray Hart,71,185,0.278,170,Right Handed,25.8
Marc Hill,75,205,0.223,34,Right Handed,25.6
Joel McKeon,72,185,0,0,Left Handed,25.1
Danny Fife,75,175,0,0,Right Handed,21.9
Chico Salmon,70,160,0.249,31,Right Handed,23
Joe Niekro,73,185,0.156,1,Right Handed,24.4
Andy Etchebarren,73,190,0.235,49,Right Handed,25.1
Ken Berry,72,175,0.255,58,Right Handed,23.7
Dave Concepcion,74,155,0.267,101,Right Handed,19.9
Junior Moore,71,185,0.264,7,Right Handed,25.8
Mike Richardt,72,170,0.226,4,Right Handed,23.1
Chris Brown,72,185,0.269,38,Right Handed,25.1
Al Bumbry,68,170,0.281,54,Left Handed,25.8
Al Downing,71,175,0.127,2,Right Handed,24.4
Bob Didier,72,190,0.229,0,Switch Hitter,25.8
Jake Gibbs,72,180,0.233,25,Left Handed,24.4
Garry Hancock,72,175,0.247,12,Left Handed,23.7
Ed Kranepool,75,205,0.261,118,Left Handed,25.6
Rick Rhoden,75,195,0.238,9,Right Handed,24.4
Denny McLain,73,185,0.133,1,Right Handed,24.4
Chuck Hiller,71,170,0.243,20,Left Handed,23.7
Jorge Orta,70,170,0.278,130,Left Handed,24.4
Dave Cash,71,170,0.283,21,Right Handed,23.7
Bucky Dent,69,170,0.247,40,Right Handed,25.1
Andy Beene,75,205,0,0,Right Handed,25.6
Bruce Robbins,73,190,0,0,Left Handed,25.1
Tony Gonzalez,69,170,0.286,103,Left Handed,25.1
Leon Hooten,71,180,0,0,Right Handed,25.1
Larry Haney,74,195,0.215,12,Right Handed,25
Billy Conigliaro,72,180,0.256,40,Right Handed,24.4
Gary Roenicke,75,205,0.247,121,Right Handed,25.6
Don Lock,74,195,0.238,122,Right Handed,25
Billy Cowan,72,170,0.236,40,Right Handed,23.1
Billy Smith,74,185,0.23,17,Switch Hitter,23.8
Allan Ramirez,70,180,0,0,Right Handed,25.8
Tony Perez,74,175,0.279,379,Right Handed,22.5
Chuck Schilling,70,160,0.239,23,Right Handed,23
Hal McRae,71,180,0.29,191,Right Handed,25.1
Dave Roberts,75,215,0.239,49,Right Handed,26.9
Brian Allard,73,175,0,0,Right Handed,23.1
Jim Lefebvre,72,180,0.251,74,Switch Hitter,24.4
Fernando Arroyo,74,180,0,0,Right Handed,23.1
Gary Beare,76,205,0,0,Right Handed,25
Charlie Spikes,75,215,0.246,65,Right Handed,26.9
Brian Dubois,70,165,0,0,Left Handed,23.7
Steve Whitaker,72,180,0.23,24,Left Handed,24.4
Manny Jimenez,73,185,0.272,26,Left Handed,24.4
Chris Batton,76,195,0,0,Right Handed,23.7
Duffy Dyer,72,187,0.221,30,Right Handed,25.4
Ken Henderson,74,180,0.257,122,Switch Hitter,23.1
Vance Lovelace,77,205,0,0,Left Handed,24.3
Greg Thayer,71,182,0,0,Right Handed,25.4
Vern Fuller,73,170,0.232,14,Right Handed,22.4
Paul Hartzell,77,200,0,0,Right Handed,23.7
Wayne Gross,74,210,0.233,121,Left Handed,27
Mike Champion,72,185,0.229,2,Right Handed,25.1
Ralph Botting,72,195,0,0,Left Handed,26.4
Paul Casanova,76,180,0.225,50,Right Handed,21.9
Steve Rogers,74,175,0.138,0,Right Handed,22.5
Keith Creel,74,180,0,0,Right Handed,23.1
Terry Crowley,72,180,0.25,42,Left Handed,24.4
Horace Clarke,69,170,0.256,27,Switch Hitter,25.1
Lou Clinton,73,185,0.247,65,Right Handed,24.4
Larry Cox,70,178,0.221,12,Right Handed,25.5
Nate Colbert,74,190,0.243,173,Right Handed,24.4
Phil Roof,74,190,0.215,43,Right Handed,24.4
Chuck Hinton,73,180,0.264,113,Right Handed,23.7
Tim Cullen,73,185,0.22,9,Right Handed,24.4
Tim Harkness,74,182,0.235,14,Left Handed,23.4
Rick Bosetti,71,185,0.25,17,Right Handed,25.8
Ron Pruitt,72,185,0.269,12,Right Handed,25.1
George Foster,73,180,0.274,348,Right Handed,23.7
Jerry White,70,164,0.253,21,Switch Hitter,23.5
Angel Mangual,70,178,0.245,22,Right Handed,25.5
Ken Gerhart,72,190,0.221,24,Right Handed,25.8
Mike Hershberger,70,175,0.252,26,Right Handed,25.1
Jim French,68,180,0.196,5,Left Handed,27.4
Dave Roberts,75,195,0.194,7,Left Handed,24.4
Jim Mason,74,185,0.203,12,Left Handed,23.8
Mike Smith,75,180,0,0,Right Handed,22.5
Willie Smith,72,182,0.248,46,Left Handed,24.7
T.R. Bryden,76,190,0,0,Right Handed,23.1
Jose Arcia,75,170,0.215,1,Right Handed,21.2
Leon Durham,73,185,0.277,147,Left Handed,24.4
Tom Makowski,71,185,0,0,Right Handed,25.8
Paul Householder,72,180,0.236,29,Switch Hitter,24.4
Aurelio Rodriguez,70,180,0.237,124,Right Handed,25.8
Jimmy Stewart,72,165,0.237,8,Switch Hitter,22.4
Dick Phillips,72,180,0.229,12,Left Handed,24.4
Andres Thomas,73,170,0.234,42,Right Handed,22.4
Ed Crosby,74,175,0.22,0,Left Handed,22.5
Mike de la Hoz,71,175,0.251,25,Right Handed,24.4
Frank Taveras,72,155,0.255,2,Right Handed,21
Joe Nossek,72,178,0.228,3,Right Handed,24.1
Larry Stahl,72,175,0.232,36,Left Handed,23.7
Jose Cruz,72,170,0.284,165,Left Handed,23.1
Don Mason,71,160,0.205,3,Left Handed,22.3
Bill Robinson,74,189,0.258,166,Right Handed,24.3
Jim Umbarger,78,200,0,0,Left Handed,23.1
Sal Bando,72,195,0.254,242,Right Handed,26.4
George Mitterwald,74,195,0.236,76,Right Handed,25
Mike Darr,76,190,0,0,Right Handed,23.1
Craig Robinson,70,165,0.219,0,Right Handed,23.7
Bob Tillman,76,205,0.232,79,Right Handed,25
Curt Wardle,77,220,0,0,Left Handed,26.1
Pat Corrales,72,180,0.216,4,Right Handed,24.4
Mike Tyson,69,170,0.241,27,Right Handed,25.1
Rafael Landestoy,70,165,0.237,4,Switch Hitter,23.7
Duane Josephson,72,190,0.258,23,Right Handed,25.8
Duane Walker,72,185,0.229,24,Left Handed,25.1
Glenn Hubbard,69,150,0.244,70,Right Handed,22.1
Roger Freed,72,190,0.245,22,Right Handed,25.8
George Hendrick,75,195,0.278,267,Right Handed,24.4
Rod Carew,72,170,0.328,92,Left Handed,23.1
Bob Davis,72,180,0.197,6,Right Handed,24.4
Toby Harrah,72,175,0.264,195,Right Handed,23.7
Rick Manning,73,180,0.257,56,Left Handed,23.7
Israel Sanchez,69,170,0,0,Left Handed,25.1
Steve Burke,74,200,0,0,Switch Hitter,25.7
Gary Matthews,74,185,0.281,234,Right Handed,23.8
Cesar Geronimo,72,165,0.258,51,Left Handed,22.4
Billy Bryan,76,200,0.216,41,Left Handed,24.3
Terry Taylor,73,180,0,0,Right Handed,23.7
Terry Whitfield,73,197,0.281,33,Left Handed,26
Mario Mendoza,71,170,0.215,4,Right Handed,23.7
Fred Lynn,73,185,0.283,306,Left Handed,24.4
Larry Hisle,74,193,0.273,166,Right Handed,24.8
Graig Nettles,72,180,0.248,390,Left Handed,24.4
Randy Nosek,76,215,0,0,Right Handed,26.2
Dave Engle,75,210,0.262,31,Right Handed,26.2
Narciso Elvira,70,160,0,0,Left Handed,23
Mike Easler,72,190,0.293,118,Left Handed,25.8
Mark Smith,74,215,0,0,Right Handed,27.6
Paul Mitchell,73,195,0,0,Right Handed,25.7
Rick Sweet,73,200,0.234,6,Switch Hitter,26.4
Thurman Munson,71,190,0.292,113,Right Handed,26.5
Rick Monday,75,193,0.264,241,Left Handed,24.1
Mike Sadek,69,165,0.226,5,Right Handed,24.4
Mark Belanger,73,170,0.228,20,Right Handed,22.4
Ron Hunt,72,186,0.273,39,Right Handed,25.2
Joe Keough,72,185,0.246,9,Left Handed,25.1
Butch Edge,75,203,0,0,Right Handed,25.4
Vic Correll,70,185,0.229,29,Right Handed,26.5
Jackie Hernandez,71,165,0.208,12,Right Handed,23
Tony Solaita,72,210,0.255,50,Left Handed,28.5
U L Washington,71,175,0.251,27,Switch Hitter,24.4
Gary Mielke,75,185,0,0,Right Handed,23.1
Rick Henninger,78,225,0,0,Right Handed,26
Joe Foy,72,215,0.248,58,Right Handed,29.2
Ed Goodson,75,180,0.26,30,Left Handed,22.5
Mark Brown,74,190,0,0,Switch Hitter,24.4
Mickey Klutts,71,170,0.241,14,Right Handed,23.7
Leroy Stanton,73,195,0.244,77,Right Handed,25.7
Rafael Vasquez,72,160,0,0,Right Handed,21.7
Len Whitehouse,71,175,0,0,Left Handed,24.4
Danny Ainge,76,175,0.22,2,Right Handed,21.3
Adolfo Phillips,73,175,0.247,59,Right Handed,23.1
Marv Breeding,72,175,0.25,7,Right Handed,23.7
Steve Adkins,78,210,0,0,Right Handed,24.3
Dick McAuliffe,71,176,0.247,197,Left Handed,24.5
Joe Horlen,72,170,0.134,0,Right Handed,23.1
Glenn Burke,72,195,0.237,2,Right Handed,26.4
Tony Mack,70,177,0,0,Right Handed,25.4
Terry Humphrey,75,185,0.211,6,Right Handed,23.1
Bill Moran,76,210,0,0,Right Handed,25.6
Enzo Hernandez,68,155,0.224,2,Right Handed,23.6
Cesar Gutierrez,69,155,0.235,0,Right Handed,22.9
Coco Laboy,70,165,0.233,28,Right Handed,23.7
Ted Kubiak,72,175,0.231,13,Switch Hitter,23.7
Jim Morrison,71,175,0.26,112,Right Handed,24.4
Tom Gilles,73,185,0,0,Right Handed,24.4
Bobby Knoop,73,170,0.236,56,Right Handed,22.4
Bobby Brown,74,190,0.245,26,Switch Hitter,24.4
Tom Hutton,71,180,0.248,22,Left Handed,25.1
Ron Hodges,73,185,0.24,19,Left Handed,24.4
Rich Chiles,71,170,0.254,6,Left Handed,23.7
Tom Paciorek,76,215,0.282,86,Right Handed,26.2
Gary Woods,74,185,0.243,13,Right Handed,23.8
Bob Montgomery,73,195,0.258,23,Right Handed,25.7
Jeff Burroughs,73,200,0.261,240,Right Handed,26.4
Rusty Staub,74,190,0.279,292,Left Handed,24.4
Jim Norris,70,175,0.264,7,Left Handed,25.1
Oscar Gamble,71,160,0.265,200,Left Handed,22.3
Bob Kammeyer,76,210,0,0,Right Handed,25.6
George Vukovich,72,198,0.268,27,Left Handed,26.9
Joe Pactwa,71,185,0,0,Left Handed,25.8
Craig Reynolds,73,175,0.256,42,Left Handed,23.1
Paul Blair,72,168,0.25,134,Right Handed,22.8
Al Cowens,73,197,0.27,108,Right Handed,26
Al Oliver,72,195,0.303,219,Left Handed,26.4
Dave Hilton,71,191,0.213,6,Right Handed,26.6
Luis Alvarado,69,162,0.214,5,Right Handed,23.9
Larry Parrish,75,190,0.263,256,Right Handed,23.7
Woodie Fryman,75,197,0.138,2,Right Handed,24.6
Bob Randall,74,175,0.257,1,Right Handed,22.5
Jim Pankovits,70,170,0.25,9,Right Handed,24.4
Sherman Corbett,76,205,0,0,Left Handed,25
Carmen Fanzone,72,200,0.224,20,Right Handed,27.1
Gary Allenson,71,185,0.221,19,Right Handed,25.8
Milt May,72,190,0.263,77,Left Handed,25.8
Mike Vail,73,180,0.279,34,Right Handed,23.7
Nick Esasky,75,200,0.25,122,Right Handed,25
Jim Nettles,72,186,0.22,16,Left Handed,25.2
Lafayette Currence,71,175,0,0,Switch Hitter,24.4
Chris Cannizzaro,72,190,0.235,18,Right Handed,25.8
Larry Biittner,74,205,0.273,29,Left Handed,26.3
John Pawlowski,74,175,0,0,Right Handed,22.5
Mel Stottlemyre,73,178,0.16,7,Right Handed,23.5
Jack Hardy,74,175,0,0,Right Handed,22.5
Ron Musselman,74,185,0,0,Right Handed,23.8
Roy Smalley,73,185,0.257,163,Switch Hitter,24.4
Tony Chevez,71,177,0,0,Right Handed,24.7
Andy Messersmith,73,200,0.17,5,Right Handed,26.4
Richie Zisk,73,200,0.287,207,Right Handed,26.4
Dave Chalk,70,175,0.252,15,Right Handed,25.1
Don Baylor,73,190,0.26,338,Right Handed,25.1
John Vukovich,73,187,0.161,6,Right Handed,24.7
Danny Thompson,72,183,0.248,15,Right Handed,24.8
Joe Simpson,75,175,0.242,9,Left Handed,21.9
Bill Fahey,72,200,0.241,7,Left Handed,27.1
Doug Camilli,71,195,0.199,18,Right Handed,27.2
Bernie Allen,72,175,0.239,73,Left Handed,23.7
Bruce Bochy,75,205,0.239,26,Right Handed,25.6
Gary Ignasiak,71,185,0,0,Right Handed,25.8
Claudell Washington,72,190,0.278,164,Left Handed,25.8
John Donaldson,71,160,0.238,4,Left Handed,22.3
Mike Smithson,80,215,0,0,Left Handed,23.6
John Mayberry,75,215,0.253,255,Left Handed,26.9
Ken Reitz,72,180,0.26,68,Right Handed,24.4
Amos Otis,71,165,0.277,193,Right Handed,23
Gene Alley,70,160,0.254,55,Right Handed,23
Ted Sizemore,70,165,0.262,23,Right Handed,23.7
Dan Briggs,72,180,0.195,12,Left Handed,24.4
Joe Skalski,75,190,0,0,Right Handed,23.7
Doug Flynn,71,165,0.238,7,Right Handed,23
Bert Bradley,73,190,0,0,Switch Hitter,25.1
Ken Holtzman,74,175,0.163,2,Right Handed,22.5
Pete Ward,73,185,0.254,98,Left Handed,24.4
Kevin Bell,72,195,0.222,13,Right Handed,26.4
Tom Nieto,73,193,0.205,5,Right Handed,25.5
Duke Sims,74,197,0.239,100,Left Handed,25.3
Larvell Blanks,68,167,0.253,20,Right Handed,25.4
Francisco Barrios,71,155,0,0,Right Handed,21.6
Mike Davis,74,175,0.259,91,Left Handed,22.5
Jerry Reuss,77,200,0.167,1,Left Handed,23.7
Steve Yeager,72,190,0.228,102,Right Handed,25.8
Danny Goodwin,73,195,0.236,13,Left Handed,25.7
Bud Harrelson,71,160,0.236,7,Switch Hitter,22.3
Bob Knepper,75,195,0.137,6,Left Handed,24.4
Mickey Rivers,70,165,0.295,61,Left Handed,23.7
Jim Northrup,75,190,0.267,153,Left Handed,23.7
John Hale,74,195,0.201,14,Left Handed,25
Reggie Ritter,74,195,0,0,Left Handed,25
Pedro Garcia,70,175,0.22,37,Right Handed,25.1
Carl Yastrzemski,71,175,0.285,452,Left Handed,24.4
Bob Babcock,77,210,0,0,Right Handed,24.9
Craig Eaton,71,175,0,0,Right Handed,24.4
Derrel Thomas,72,160,0.249,43,Switch Hitter,21.7
Art Howe,74,190,0.26,43,Right Handed,24.4
Ike Brown,72,190,0.256,20,Right Handed,25.8
Howie Goss,76,204,0.216,11,Right Handed,24.8
Glenn Borgmann,76,210,0.229,16,Right Handed,25.6
Lamar Johnson,74,215,0.287,64,Right Handed,27.6
Julio Gonzalez,71,162,0.235,4,Right Handed,22.6
Bobby Klaus,70,170,0.208,6,Right Handed,24.4
Manny Sanguillen,72,193,0.296,65,Right Handed,26.2
Gates Brown,71,220,0.257,84,Left Handed,30.7
Johnny Ray,71,170,0.29,53,Switch Hitter,23.7
Jesus Alou,74,190,0.28,32,Right Handed,24.4
Ken Landreaux,70,165,0.268,91,Left Handed,23.7
Enos Cabell,76,170,0.277,60,Right Handed,20.7
Roy Branch,72,175,0,0,Right Handed,23.7
Billy North,71,185,0.261,20,Switch Hitter,25.8
Juan Beniquez,71,150,0.274,79,Right Handed,20.9
Frank Fernandez,72,185,0.199,39,Right Handed,25.1
Bombo Rivera,70,187,0.265,10,Right Handed,26.8
Steve Brye,72,190,0.258,30,Right Handed,25.8
Ron Jackson,72,200,0.259,56,Right Handed,27.1
Roger Metzger,72,165,0.231,5,Switch Hitter,22.4
Rufino Linares,72,170,0.27,11,Right Handed,23.1
Ray Webster,72,185,0.244,17,Left Handed,25.1
Bob Kearney,72,190,0.233,27,Right Handed,25.8
Fergie Jenkins,77,205,0.165,13,Right Handed,24.3
Dick Dietz,73,195,0.261,66,Right Handed,25.7
Ted Cox,75,195,0.245,10,Right Handed,24.4
Bobby Mitchell,70,170,0.243,3,Left Handed,24.4
Bobby Mitchell,75,185,0.235,21,Right Handed,23.1
Barry Evans,73,180,0.251,2,Right Handed,23.7
Mickey Brantley,70,180,0.259,32,Right Handed,25.8
Al Gallagher,72,180,0.263,11,Right Handed,24.4
Rob Woodward,75,185,0,0,Right Handed,23.1
Hector Cruz,71,170,0.225,39,Right Handed,23.7
Fred Norman,68,155,0.125,0,Switch Hitter,23.6
Woody Woodward,74,180,0.236,1,Right Handed,23.1
Ted Martinez,72,165,0.24,7,Right Handed,22.4
Jim Anderson,72,170,0.218,13,Right Handed,23.1
Lenn Sakata,69,160,0.23,25,Right Handed,23.6
Dave Duncan,74,190,0.214,109,Right Handed,24.4
Randy Jones,72,178,0.132,0,Right Handed,24.1
Dick Billings,73,195,0.227,16,Right Handed,25.7
Bob Veselic,72,175,0,0,Right Handed,23.7
Bruce Bochte,75,195,0.282,100,Left Handed,24.4
Bernie Carbo,71,173,0.264,96,Left Handed,24.1
Vic Davalillo,67,150,0.279,36,Left Handed,23.5
Burt Hooton,73,210,0.123,4,Right Handed,27.7
Chuck Hockenbery,73,195,0,0,Switch Hitter,25.7
Bob Ferris,78,225,0,0,Right Handed,26
Fernando Gonzalez,70,165,0.235,17,Right Handed,23.7
Jim Sundberg,72,190,0.248,95,Right Handed,25.8
Andy Kosco,75,205,0.236,73,Right Handed,25.6
Steve Huntz,73,204,0.206,16,Switch Hitter,26.9
Gary Wheelock,75,205,0,0,Right Handed,25.6
Lenny Faedo,72,170,0.251,5,Right Handed,23.1
John Lowenstein,72,175,0.253,116,Left Handed,23.7
Don Kessinger,73,170,0.252,14,Switch Hitter,22.4
Joe Hague,72,195,0.239,40,Left Handed,26.4
Bake McBride,74,190,0.299,63,Left Handed,24.4
Dick Davis,75,190,0.265,27,Right Handed,23.7
Richie Scheinblum,73,180,0.263,13,Switch Hitter,23.7
Ed Herrmann,73,195,0.24,80,Left Handed,25.7
Mike Rochford,76,205,0,0,Left Handed,25
Jeff Schneider,75,195,0,0,Switch Hitter,24.4
Bob Molinaro,72,190,0.264,14,Left Handed,25.8
Mike Hegan,73,188,0.242,53,Left Handed,24.8
Mike Diaz,74,195,0.247,31,Right Handed,25
Tim Foli,72,179,0.251,25,Right Handed,24.3
Alan Knicely,72,190,0.213,12,Right Handed,25.8
Tim Laudner,75,212,0.225,77,Right Handed,26.5
Jose Morales,71,187,0.287,26,Right Handed,26.1
Luis Encarnacion,70,178,0,0,Right Handed,25.5
Rick Kreuger,74,185,0,0,Right Handed,23.8
Juan Marichal,72,185,0.165,4,Right Handed,25.1
Vida Blue,72,189,0.104,4,Switch Hitter,25.6
Angel Moreno,69,165,0,0,Left Handed,24.4
Roger Weaver,75,190,0,0,Right Handed,23.7
Stan Papi,72,170,0.218,7,Right Handed,23.1
Rob Wilfong,73,180,0.248,39,Left Handed,23.7
Chris Knapp,77,195,0,0,Right Handed,23.1
Steve Henderson,74,190,0.28,68,Right Handed,24.4
Rob Picciolo,74,185,0.234,17,Right Handed,23.8
Don Welchel,76,205,0,0,Right Handed,25
Randy Wiles,73,185,0,0,Left Handed,24.4
Roberto Pena,68,170,0.245,13,Right Handed,25.8
Bob Dernier,72,160,0.255,23,Right Handed,21.7
Bill Melton,74,200,0.253,160,Right Handed,25.7
Albert Hall,71,155,0.251,5,Switch Hitter,21.6
Barbaro Garbey,70,170,0.267,11,Right Handed,24.4
John Milner,72,185,0.249,131,Left Handed,25.1
Rich Reese,75,185,0.253,52,Left Handed,23.1
Chris Bando,72,195,0.227,27,Switch Hitter,26.4
Bill Buckner,72,185,0.289,174,Left Handed,25.1
Jack Hiatt,74,190,0.251,22,Right Handed,24.4
Nelson Mathews,76,195,0.223,22,Right Handed,23.7
Larry Lintz,69,150,0.227,0,Switch Hitter,22.1
Ron Theobald,68,165,0.248,2,Right Handed,25.1
Dewey Robinson,72,180,0,0,Right Handed,24.4
Rafael Santana,73,165,0.246,13,Right Handed,21.8
Jerry Hairston,70,170,0.258,30,Switch Hitter,24.4
Tony Arnold,71,170,0,0,Right Handed,23.7
Jeff Schattinger,77,200,0,0,Left Handed,23.7
Ike Brookens,77,170,0,0,Right Handed,20.2
Tommie Aaron,75,190,0.229,13,Right Handed,23.7
Steve Dillard,73,180,0.243,13,Right Handed,23.7
Win Remmerswaal,74,160,0,0,Right Handed,20.5
Jeff Peterek,74,195,0,0,Right Handed,25
George Scott,74,200,0.268,271,Right Handed,25.7
Jeff Shaver,75,195,0,0,Right Handed,24.4
Ken Walters,73,180,0.231,11,Right Handed,23.7
Gorman Thomas,74,210,0.225,268,Right Handed,27
Paul Dade,73,185,0.27,10,Right Handed,24.4
Darrell Porter,72,193,0.247,188,Left Handed,26.2
Tim Johnson,73,170,0.223,0,Left Handed,22.4
Fred Stanley,70,165,0.216,10,Right Handed,23.7
Larry Bowa,70,155,0.26,15,Switch Hitter,22.2
Tim Corcoran,71,175,0.27,12,Left Handed,24.4
Jim Spencer,74,195,0.25,146,Left Handed,25
Pete LaCock,74,200,0.257,27,Left Handed,25.7
Carl Morton,72,200,0.156,7,Right Handed,27.1
Gary Gray,72,187,0.24,24,Right Handed,25.4
Matty Alou,69,160,0.307,31,Left Handed,23.6
Pete Filson,74,195,0,0,Switch Hitter,25
Jim Dwyer,70,165,0.26,77,Left Handed,23.7
Dalton Jones,73,180,0.235,41,Left Handed,23.7
Rennie Stennett,71,160,0.274,41,Right Handed,22.3
Jim Gideon,75,190,0,0,Right Handed,23.7
Jerry May,74,190,0.234,15,Right Handed,24.4
Rich McKinney,71,185,0.225,20,Right Handed,25.8
Clint Hurdle,75,195,0.259,32,Left Handed,24.4
Mike Andrews,75,195,0.258,66,Right Handed,24.4
Bobby Clark,72,190,0.239,19,Right Handed,25.8
Jeff Twitty,74,185,0,0,Left Handed,23.8
Cliff Johnson,76,215,0.258,196,Right Handed,26.2
Steve Cummings,74,200,0,0,Switch Hitter,25.7
Donn Clendenon,76,209,0.274,159,Right Handed,25.4
Charlie James,73,195,0.255,29,Right Handed,25.7
Bob Horner,73,195,0.277,218,Right Handed,25.7
Tom Veryzer,73,175,0.241,14,Right Handed,23.1
Jose Cecena,71,180,0,0,Right Handed,25.1
George Smith,70,170,0.205,9,Right Handed,24.4
Jim Essian,74,195,0.244,33,Right Handed,25
Onix Concepcion,66,160,0.239,3,Right Handed,25.8
Boots Day,69,160,0.256,8,Left Handed,23.6
Brian Giles,73,165,0.228,10,Right Handed,21.8
Garry Maddox,75,175,0.285,117,Right Handed,21.9
Alex Trevino,70,165,0.249,23,Right Handed,23.7
Jim Price,72,192,0.214,18,Right Handed,26
Felix Millan,71,172,0.279,22,Right Handed,24
Steve Garvey,70,192,0.294,272,Right Handed,27.5
Don Mincher,75,205,0.249,200,Left Handed,25.6
Greg Erardi,73,190,0,0,Right Handed,25.1
Jim Farr,73,195,0,0,Right Handed,25.7
Tony Cloninger,72,210,0.192,11,Right Handed,28.5
Jim Gosger,71,185,0.226,30,Left Handed,25.8
Chuck Harrison,70,185,0.238,17,Right Handed,26.5
Mike Ivie,75,205,0.269,81,Right Handed,25.6
Frank Dimichele,75,205,0,0,Right Handed,25.6
Bob Veale,78,212,0.114,0,Switch Hitter,24.5
Marvell Wynne,71,175,0.247,40,Left Handed,24.4
Dusty Baker,74,183,0.278,242,Right Handed,23.5
Tucker Ashford,73,195,0.218,6,Right Handed,25.7
Ned Yost,73,190,0.212,16,Right Handed,25.1
Bob Stinson,71,180,0.25,33,Switch Hitter,25.1
Mike Warren,73,175,0,0,Right Handed,23.1
Gaylord Perry,76,205,0.131,6,Right Handed,25
Dave Marshall,73,182,0.246,16,Left Handed,24
Mickey Hatcher,74,200,0.28,38,Right Handed,25.7
Roger Repoz,75,190,0.224,82,Left Handed,23.7
Bill Fulton,75,195,0,0,Right Handed,24.4
John Orsino,75,215,0.249,40,Right Handed,26.9
Larry Anderson,75,190,0,0,Right Handed,23.7
Johnny Briggs,73,190,0.253,139,Left Handed,25.1
Craig Mitchell,75,180,0,0,Right Handed,22.5
Dave Hostetler,76,215,0.229,37,Right Handed,26.2
Bob Jones,74,195,0.221,20,Left Handed,25
Keith Hernandez,72,180,0.296,162,Left Handed,24.4
Alfredo Martinez,75,185,0,0,Right Handed,23.1
Dean Chance,75,200,0.066,0,Right Handed,25
Willie Upshaw,72,185,0.262,123,Left Handed,25.1
Dick Green,70,180,0.24,80,Right Handed,25.8
Dane Iorg,72,180,0.276,14,Left Handed,24.4
Richie Hebner,73,195,0.276,203,Left Handed,25.7
Fran Healy,77,220,0.25,20,Right Handed,26.1
Doc Edwards,74,215,0.238,15,Right Handed,27.6
Sandy Alomar,69,140,0.245,13,Switch Hitter,20.7
Joe Strain,70,169,0.25,1,Right Handed,24.2
Gene Richards,72,175,0.29,26,Left Handed,23.7
Buddy Bell,73,180,0.279,201,Right Handed,23.7
Al Woods,75,190,0.271,35,Left Handed,23.7
Rudy Law,73,165,0.271,18,Left Handed,21.8
Joel Davis,77,205,0,0,Left Handed,24.3
Jody Davis,76,192,0.245,127,Right Handed,23.4
Mike Edwards,70,154,0.25,2,Right Handed,22.1
Bill Mooneyham,72,175,0,0,Right Handed,23.7
John Hobbs,75,190,0,0,Right Handed,23.7
Deron Johnson,74,200,0.244,245,Right Handed,25.7
John Denny,75,185,0.17,0,Right Handed,23.1
Don Wert,70,162,0.242,77,Right Handed,23.2
Mike Fiore,72,175,0.227,13,Left Handed,23.7
Miguel Dilone,72,160,0.265,6,Switch Hitter,21.7
Greg Luzinski,73,220,0.276,307,Right Handed,29
Bobby Tolan,71,170,0.265,86,Left Handed,23.7
Karl Best,76,190,0,0,Right Handed,23.1
Steve Barr,76,200,0,0,Left Handed,24.3
Ron Woods,70,168,0.233,26,Right Handed,24.1
Tony Horton,75,210,0.268,76,Right Handed,26.2
Randy Hundley,71,170,0.236,82,Right Handed,23.7
Jose Tartabull,71,165,0.261,2,Left Handed,23
Ben Oglivie,74,160,0.273,235,Left Handed,20.5
Luis Sanchez,74,170,0,0,Right Handed,21.8
Bob Johnson,70,175,0.272,44,Right Handed,25.1
Don Buford,67,160,0.264,93,Switch Hitter,25.1
Duane Kuiper,72,175,0.271,1,Left Handed,23.7
Brant Alyea,75,215,0.247,38,Right Handed,26.9
Jerry Narron,75,205,0.211,21,Left Handed,25.6
Lou Johnson,71,170,0.258,48,Right Handed,23.7
Ken Retzer,72,185,0.264,14,Left Handed,25.1
Mike Brown,74,195,0.265,23,Right Handed,25
Mike Brown,74,195,0,0,Right Handed,25
Greg Walker,75,205,0.26,113,Left Handed,25.6
Terry Harper,76,195,0.253,36,Right Handed,23.7
Jerry Royster,72,165,0.249,40,Right Handed,22.4
Steve Davis,73,195,0,0,Left Handed,25.7
Jeff Rineer,76,205,0,0,Left Handed,25
Barry Bonnell,75,190,0.272,56,Right Handed,23.7
Tom Seaver,73,195,0.154,12,Right Handed,25.7
Jerry Martin,73,195,0.251,85,Right Handed,25.7
Bill Stein,70,170,0.267,44,Right Handed,24.4
Joel Youngblood,72,180,0.265,80,Right Handed,24.4
Reggie Jackson,72,195,0.262,563,Left Handed,26.4
Sonny Jackson,69,150,0.251,7,Left Handed,22.1
Mark Mercer,77,220,0,0,Left Handed,26.1
Rodney Scott,72,160,0.236,3,Switch Hitter,21.7
Rich Coggins,68,170,0.265,12,Left Handed,25.8
Phil Gagliano,73,180,0.238,14,Right Handed,23.7
Jerry McNertney,72,180,0.237,27,Right Handed,24.4
Mitchell Page,74,205,0.266,72,Left Handed,26.3
Kiko Garcia,71,180,0.239,12,Right Handed,25.1
Larry Milbourne,72,161,0.254,11,Switch Hitter,21.8
Bill Sudakis,73,190,0.234,59,Switch Hitter,25.1
John Caneira,75,180,0,0,Right Handed,22.5
Domingo Ramos,70,154,0.24,8,Right Handed,22.1
Ron Oester,74,185,0.265,42,Switch Hitter,23.8
Glenn Adams,73,180,0.28,34,Left Handed,23.7
Clint Zavaras,73,175,0,0,Right Handed,23.1
Joe Morgan,67,160,0.271,268,Left Handed,25.1
R.J. Reynolds,72,190,0.267,35,Switch Hitter,25.8
Mike Parrott,76,210,0,0,Right Handed,25.6
Lee Thomas,74,195,0.255,106,Left Handed,25
Ray Fosse,74,215,0.256,61,Right Handed,27.6
Paul Popovich,72,175,0.233,14,Switch Hitter,23.7
John Stephenson,71,180,0.216,12,Left Handed,25.1
Doug Clemens,72,180,0.229,12,Left Handed,24.4
Luis Aponte,72,185,0,0,Right Handed,25.1
Orlando Mercado,72,180,0.199,7,Right Handed,24.4
Charley Smith,73,170,0.239,69,Right Handed,22.4
Paul Boris,74,200,0,0,Right Handed,25.7
Buddy Biancalana,71,160,0.205,6,Switch Hitter,22.3
De Wayne Buice,72,170,0,0,Right Handed,23.1
Bob Uecker,73,190,0.2,14,Right Handed,25.1
Felix Torres,71,165,0.254,27,Right Handed,23
Steve Braun,70,180,0.271,52,Left Handed,25.8
Ray Knight,73,185,0.271,84,Right Handed,24.4
Ty Cline,72,170,0.238,6,Left Handed,23.1
Thad Bosley,75,175,0.272,20,Left Handed,21.9
Bobby Grich,74,180,0.266,224,Right Handed,23.1
Jimmie Hall,72,175,0.254,121,Left Handed,23.7
John Boccabella,73,195,0.219,26,Right Handed,25.7
Brock Davis,70,160,0.26,1,Left Handed,23
Mark Esser,73,190,0,0,Right Handed,25.1
Curt Blefary,74,195,0.237,112,Left Handed,25
Daryl Smith,76,185,0,0,Right Handed,22.5
Dave Smith,73,190,0,0,Right Handed,25.1
Mack Jones,73,180,0.252,133,Left Handed,23.7
Buddy Bradford,71,170,0.226,52,Right Handed,23.7
Hosken Powell,73,175,0.259,17,Left Handed,23.1
Dave Stapleton,73,185,0,0,Left Handed,24.4
Dave Stapleton,73,178,0.271,41,Right Handed,23.5
Gary Ward,74,195,0.276,130,Right Handed,25
Jim Lonborg,77,200,0.136,3,Right Handed,23.7
Joe Lis,72,175,0.233,32,Right Handed,23.7
Dan Meyer,71,180,0.253,86,Left Handed,25.1
Jim Holt,72,180,0.265,19,Left Handed,24.4
Tom Klawitter,74,190,0,0,Right Handed,24.4
Larry Herndon,75,190,0.274,107,Right Handed,23.7
Gary Christenson,77,200,0,0,Left Handed,23.7
Jim Wright,77,205,0,0,Right Handed,24.3
Jim Wright,73,165,0,0,Right Handed,21.8
Wallace Johnson,72,173,0.255,5,Switch Hitter,23.5
Mike Kinnunen,73,185,0,0,Left Handed,24.4
Eddie Leon,72,170,0.236,24,Right Handed,23.1
Dave Rajsich,77,175,0,0,Left Handed,20.7
Jim Wohlford,71,175,0.26,21,Right Handed,24.4
J.R. Richard,80,222,0.168,10,Right Handed,24.4
Bill Voss,74,160,0.227,19,Left Handed,20.5
Keith Moreland,72,190,0.279,121,Right Handed,25.8
Ramon Pena,70,155,0,0,Right Handed,22.2
Alex Johnson,72,205,0.288,78,Right Handed,27.8
Wayne Krenchicki,73,180,0.266,15,Left Handed,23.7
Chico Escarrega,71,185,0,0,Right Handed,25.8
Dave Rosello,71,160,0.236,10,Right Handed,22.3
Cardell Camper,75,208,0,0,Right Handed,26
Paul Schaal,71,165,0.244,57,Right Handed,23
Tito Landrum,71,175,0.249,13,Right Handed,24.4
Dave Edwards,72,170,0.237,14,Right Handed,23.1
Mario Guerrero,70,155,0.257,7,Right Handed,22.2
Tom Tresh,73,180,0.245,153,Switch Hitter,23.7
Mike Overy,74,190,0,0,Right Handed,24.4
Ron Roenicke,72,180,0.238,17,Switch Hitter,24.4
Doug Griffin,72,160,0.245,7,Right Handed,21.7
Steve Blass,72,165,0.172,1,Right Handed,22.4
Johnnie LeMaster,74,165,0.222,22,Right Handed,21.2
Craig Chamberlain,73,190,0,0,Right Handed,25.1
Nate Oliver,70,160,0.226,2,Right Handed,23
Ray Sadecki,71,180,0.191,5,Left Handed,25.1
Ken Rudolph,73,180,0.213,6,Right Handed,23.7
Wayne Nordhagen,74,205,0.282,39,Right Handed,26.3
Biff Pocoroba,70,175,0.257,21,Switch Hitter,25.1
Len Matuszek,74,190,0.234,30,Left Handed,24.4
Frank Eufemia,71,185,0,0,Right Handed,25.8
Joe Lefebvre,70,170,0.258,31,Left Handed,24.4
Jim Maloney,74,190,0.201,7,Left Handed,24.4
Andre Robertson,70,155,0.251,5,Right Handed,22.2
Jerry Zimmerman,74,185,0.204,3,Right Handed,23.8
Jack Lazorko,71,200,0,0,Right Handed,27.9
Mike Paxton,71,190,0,0,Right Handed,26.5
Chet Lemon,72,190,0.273,215,Right Handed,25.8
Rickey Keeton,74,190,0,0,Right Handed,24.4
Phil Mankowski,72,180,0.264,8,Left Handed,24.4
Cleon Jones,72,185,0.281,93,Right Handed,25.1
Joaquin Andujar,72,170,0.127,5,Switch Hitter,23.1
Mike Lum,72,180,0.247,90,Left Handed,24.4
Johnny Grubb,75,175,0.278,99,Left Handed,21.9
Curt Motton,68,164,0.213,25,Right Handed,24.9
Johnny Bench,73,197,0.267,389,Right Handed,26
Dale Berra,72,180,0.236,49,Right Handed,24.4
Terry Felton,73,180,0,0,Right Handed,23.7
Bob Meacham,73,175,0.236,8,Switch Hitter,23.1
Mark Clear,76,200,0,0,Right Handed,24.3
Carl Warwick,70,170,0.248,31,Right Handed,24.4
Sam Bowens,73,188,0.223,45,Right Handed,24.8
George Wright,71,180,0.245,42,Switch Hitter,25.1
Luis Aguayo,69,173,0.236,37,Right Handed,25.5
Hal Lanier,74,180,0.228,8,Right Handed,23.1
Mike Pazik,74,195,0,0,Left Handed,25
Len Randle,70,169,0.257,27,Switch Hitter,24.2
Greg Pryor,72,180,0.25,14,Right Handed,24.4
Jim Traber,72,194,0.227,27,Left Handed,26.3
Dave Nelson,70,160,0.244,20,Right Handed,23
Lynn Jones,69,175,0.252,7,Right Handed,25.8
Bryan Little,70,160,0.245,3,Switch Hitter,23
Ken Suarez,69,175,0.227,5,Right Handed,25.8
Rick Peters,69,170,0.277,2,Switch Hitter,25.1
Ron Stone,74,185,0.241,6,Left Handed,23.8
Rich Barnes,76,186,0,0,Right Handed,22.6
Tommie Agee,71,195,0.255,130,Right Handed,27.2
Bob Bailey,73,180,0.257,189,Right Handed,23.7
Cap Peterson,74,195,0.23,19,Right Handed,25
Ted Uhlaender,74,190,0.263,36,Left Handed,24.4
Ted Simmons,71,193,0.285,248,Switch Hitter,26.9
Bobby Murcer,71,160,0.277,252,Left Handed,22.3
Dick Tracewski,71,160,0.213,8,Right Handed,22.3
Dave Frost,78,235,0,0,Right Handed,27.2
Mark Souza,72,180,0,0,Left Handed,24.4
Bill Nahorodny,74,200,0.241,25,Right Handed,25.7
Bill Madlock,71,180,0.305,163,Right Handed,25.1
Bob Boone,74,195,0.254,105,Right Handed,25
Rick Jones,77,190,0,0,Left Handed,22.5
Steve Kemp,72,195,0.278,130,Left Handed,26.4
Rick Burleson,70,165,0.273,50,Right Handed,23.7
Jim Dorsey,79,190,0,0,Right Handed,21.4
Mark Ciardi,72,180,0,0,Right Handed,24.4
Dennis Burtt,72,180,0,0,Right Handed,24.4
Carl Taylor,74,200,0.266,10,Right Handed,25.7
Terry Harmon,74,180,0.233,4,Right Handed,23.1
Mike Hargrove,72,195,0.29,80,Left Handed,26.4
Rich Yett,74,187,0,0,Right Handed,24
Steve Hovley,70,188,0.258,8,Left Handed,27
Don Leppert,74,220,0.229,15,Right Handed,28.2
Matt Williams,73,200,0,0,Right Handed,26.4
Jim Burton,75,195,0,0,Right Handed,24.4
Rick Anderson,74,210,0,0,Right Handed,27
Charlie Mitchell,75,170,0,0,Right Handed,21.2
Bill Paschall,72,175,0,0,Right Handed,23.7
John Bohnet,72,175,0,0,Switch Hitter,23.7
Byron McLaughlin,73,175,0,0,Right Handed,23.1
Lee May,75,195,0.267,354,Right Handed,24.4
Luis Quintana,74,175,0,0,Left Handed,22.5
Sam McDowell,77,190,0.154,2,Left Handed,22.5
Rick Renick,72,188,0.221,20,Right Handed,25.5
Jeff Torborg,72,195,0.214,8,Right Handed,26.4
Dave Campbell,73,180,0.213,20,Right Handed,23.7
Pat Kelly,73,185,0.264,76,Left Handed,24.4
Al Weis,72,160,0.219,7,Switch Hitter,21.7
Jerry Turner,69,180,0.257,45,Left Handed,26.6
Rick Auerbach,72,165,0.22,9,Right Handed,22.4
Keith Macwhorter,76,190,0,0,Right Handed,23.1
Don Wilson,74,195,0.146,1,Right Handed,25
Jaime Cocanower,76,200,0,0,Right Handed,24.3
Jeff Sellers,73,175,0,0,Right Handed,23.1
Sandy Valdespino,68,170,0.23,7,Left Handed,25.8
Steve Senteney,74,205,0,0,Right Handed,26.3
Howard Bailey,72,195,0,0,Right Handed,26.4
Jeff Bettendorf,75,180,0,0,Right Handed,22.5
Ken Phelps,73,209,0.239,123,Left Handed,27.6
Cesar Cedeno,74,175,0.285,199,Right Handed,22.5
Bob Davidson,72,185,0,0,Right Handed,25.1
Phil Linz,73,180,0.235,11,Right Handed,23.7
Manny Mota,70,160,0.304,31,Right Handed,23
Brian Snyder,75,185,0,0,Left Handed,23.1
Steve Renko,77,230,0.215,6,Right Handed,27.3
Rick Sofield,73,195,0.243,9,Left Handed,25.7
Carlos Velazquez,71,180,0,0,Right Handed,25.1
Roger Miller,75,200,0,0,Right Handed,25
Doug DeCinces,74,190,0.259,237,Right Handed,24.4
John Castino,71,175,0.278,41,Right Handed,24.4
Dave May,70,186,0.251,96,Left Handed,26.7
Ron Washington,71,155,0.261,20,Right Handed,21.6
Billy Grabarkewitz,70,165,0.236,28,Right Handed,23.7
Willie Aikens,75,220,0.271,110,Left Handed,27.5
Earl Williams,75,215,0.247,138,Right Handed,26.9
Willie Mueller,76,220,0,0,Right Handed,26.8
John Flinn,72,175,0,0,Right Handed,23.7
Don Hahn,73,180,0.236,7,Right Handed,23.7
Todd Cruz,72,175,0.22,34,Right Handed,23.7
Tom Egan,76,218,0.2,22,Right Handed,26.5
Bob Heise,72,175,0.247,1,Right Handed,23.7
Tommy Harper,69,165,0.257,146,Right Handed,24.4
Joe Wallis,71,180,0.244,16,Switch Hitter,25.1
Max Alvis,71,185,0.247,111,Right Handed,25.8
Rico Carty,75,200,0.299,204,Right Handed,25
Mike Cubbage,72,180,0.258,34,Left Handed,24.4
Les Straker,73,193,0,0,Right Handed,25.5
Merritt Ranew,71,170,0.247,8,Left Handed,23.7
Lyman Bostock,73,180,0.311,23,Left Handed,23.7
Damaso Garcia,73,165,0.283,36,Right Handed,21.8
Don Kainer,75,205,0,0,Right Handed,25.6
Don Gordon,73,175,0,0,Right Handed,23.1
Roy Howell,73,190,0.261,80,Left Handed,25.1
Boog Powell,76,230,0.266,339,Left Handed,28
Sandy Wihtol,73,195,0,0,Right Handed,25.7
Sonny Siebert,75,190,0.173,12,Right Handed,23.7
Jeff Richardson,75,185,0,0,Right Handed,23.1
Bobby Darwin,74,190,0.251,83,Right Handed,24.4
Dennis DeBarr,74,190,0,0,Left Handed,24.4
Dan Driessen,71,187,0.267,153,Left Handed,26.1
Bruce Miller,73,185,0.246,1,Right Handed,24.4
Bob Bailor,71,170,0.264,9,Right Handed,23.7
Tommy Helms,70,165,0.269,34,Right Handed,23.7
Tony Armas,71,182,0.252,251,Right Handed,25.4
Willie Horton,71,209,0.273,325,Right Handed,29.1
Lou Piniella,72,182,0.291,102,Right Handed,24.7
Butch Hobson,73,193,0.248,98,Right Handed,25.5
John Wathan,74,205,0.262,21,Right Handed,26.3
Hal King,73,200,0.214,24,Left Handed,26.4
Mike Krukow,77,205,0.193,5,Right Handed,24.3
Andres Mora,72,180,0.223,27,Right Handed,24.4
Barry Foote,75,205,0.23,57,Right Handed,25.6
Ed Ott,70,190,0.259,33,Left Handed,27.3
Alan Wiggins,74,160,0.259,5,Switch Hitter,20.5
Ron Clark,70,175,0.189,5,Right Handed,25.1
Jay Pettibone,76,182,0,0,Right Handed,22.2
Glen Cook,71,180,0,0,Right Handed,25.1
Julio Gotay,72,180,0.26,6,Right Handed,24.4
Gary Alexander,74,195,0.23,55,Right Handed,25
Andre Thornton,75,200,0.254,253,Right Handed,25
Bob Oliver,75,205,0.256,94,Right Handed,25.6
Bill Castro,71,170,0,0,Right Handed,23.7
Ed Hodge,74,192,0,0,Left Handed,24.6
Tom Buskey,75,200,0,0,Right Handed,25
Bruce Taylor,72,178,0,0,Right Handed,24.1
Stan Thomas,74,185,0,0,Right Handed,23.8
Bob Robertson,73,195,0.242,115,Right Handed,25.7
Larry Monroe,76,200,0,0,Right Handed,24.3
Roger Slagle,75,190,0,0,Right Handed,23.7
Ollie Brown,74,178,0.265,102,Right Handed,22.9
Jim Campbell,71,175,0,0,Left Handed,24.4
Frank Quilici,73,170,0.214,5,Right Handed,22.4
Curt Kaufman,74,175,0,0,Right Handed,22.5
Joe Pepitone,74,185,0.258,219,Left Handed,23.8
Steve Barber,72,195,0.115,5,Left Handed,26.4
De Wayne Vaughn,71,180,0,0,Right Handed,25.1
Norm Miller,70,185,0.238,24,Left Handed,26.5
Bob Galasso,73,205,0,0,Left Handed,27
Rich Wortham,72,185,0,0,Right Handed,25.1
Bob Chance,74,196,0.261,24,Left Handed,25.2
Julio Cruz,69,165,0.237,23,Switch Hitter,24.4
Bill Sample,69,175,0.272,46,Right Handed,25.8
Juan Nieves,75,175,0,0,Left Handed,21.9
Mike Bacsik,74,180,0,0,Right Handed,23.1
Craig Kusick,75,210,0.235,46,Right Handed,26.2
Rudy Meoli,69,165,0.212,2,Left Handed,24.4
Ruppert Jones,70,170,0.25,147,Left Handed,24.4
Glenn Hoffman,73,175,0.242,23,Right Handed,23.1
Russ Gibson,73,195,0.228,8,Right Handed,25.7
Phil Huffman,74,180,0,0,Right Handed,23.1
Terry Francona,73,190,0.274,16,Left Handed,25.1
John Bateman,75,210,0.23,81,Right Handed,26.2
Luis Pujols,74,175,0.193,6,Right Handed,22.5
Joe Gaines,73,190,0.241,21,Right Handed,25.1
Doug Rader,74,208,0.251,155,Right Handed,26.7
Mickey Stanley,73,185,0.248,117,Right Handed,24.4
Steve Brown,77,200,0,0,Right Handed,23.7
Rick Lysander,74,190,0,0,Right Handed,24.4
Phil Bradley,72,185,0.286,78,Right Handed,25.1
Winston Llenas,70,165,0.23,3,Right Handed,23.7
Charlie Moore,71,180,0.261,36,Right Handed,25.1
Ralph Garr,71,185,0.306,75,Left Handed,25.8
Tommy John,75,180,0.157,5,Right Handed,22.5
Bruce Benedict,73,175,0.242,18,Right Handed,23.1
John Ellis,74,225,0.262,69,Right Handed,28.9
Wes Parker,73,180,0.267,64,Switch Hitter,23.7
Mel Stottlemyre,72,190,0,0,Right Handed,25.8
David Green,75,170,0.268,31,Right Handed,21.2
Reid Nichols,71,165,0.266,22,Right Handed,23
Rick Reichardt,75,210,0.261,116,Right Handed,26.2
Luis Tiant,72,180,0.164,5,Right Handed,24.4
Alex Sanchez,74,185,0,0,Right Handed,23.8
Broderick Perkins,70,180,0.271,8,Left Handed,25.8
Leon Roberts,75,200,0.267,78,Right Handed,25
Ray Burris,77,200,0.151,1,Right Handed,23.7
Len Gabrielson,76,210,0.253,37,Left Handed,25.6
Johnny Edwards,76,220,0.242,81,Left Handed,26.8
Paul Wilmet,71,170,0,0,Right Handed,23.7
Tom Grieve,74,190,0.249,65,Right Handed,24.4
Bruce Ellingsen,72,180,0,0,Left Handed,24.4
Bob Forsch,76,200,0.213,12,Right Handed,24.3
Gorman Heimueller,76,195,0,0,Left Handed,23.7
Danny Cater,72,170,0.276,66,Right Handed,23.1
Bill Schroeder,74,200,0.24,61,Right Handed,25.7
Clay Dalrymple,72,190,0.233,55,Left Handed,25.8
Carlos May,71,200,0.274,90,Left Handed,27.9
Reggie Smith,72,180,0.287,314,Switch Hitter,24.4
Ron Reed,78,215,0.158,0,Right Handed,24.8
Fred Howard,75,190,0,0,Right Handed,23.7
Davey Johnson,73,170,0.261,136,Right Handed,22.4
Ellis Valentine,76,205,0.278,123,Right Handed,25
Roy White,70,160,0.271,160,Switch Hitter,23
Mike Brumley,70,195,0.229,5,Left Handed,28
Al Luplow,70,175,0.235,33,Left Handed,25.1
John Hoover,74,190,0,0,Right Handed,24.4
Dick Allen,71,187,0.292,351,Right Handed,26.1
Doug Ault,75,200,0.236,17,Right Handed,25
Mark Wagner,72,165,0.243,3,Right Handed,22.4
Mike Walters,77,203,0,0,Right Handed,24.1
Willie Stargell,74,188,0.282,475,Left Handed,24.1
Steve Carlton,76,210,0.201,13,Left Handed,25.6
Jake Wood,73,163,0.25,35,Right Handed,21.5
Del Unser,73,180,0.258,87,Left Handed,23.7
Bob Brower,71,185,0.242,17,Right Handed,25.8
Ray Culp,72,200,0.123,1,Right Handed,27.1
Ivan Murrell,74,195,0.236,33,Right Handed,25
Lee Mazzilli,73,180,0.259,93,Switch Hitter,23.7
Garth Iorg,71,170,0.258,20,Right Handed,23.7
Alan Ashby,74,185,0.245,90,Switch Hitter,23.8
Bob Brenly,74,210,0.247,91,Right Handed,27
Ron Blomberg,73,195,0.293,52,Left Handed,25.7
Jim Rooker,72,195,0.201,7,Right Handed,26.4
Tim Blackwell,71,170,0.228,6,Switch Hitter,23.7
Colby Ward,74,185,0,0,Right Handed,23.8
Jerry Morales,70,155,0.259,95,Right Handed,22.2
Davey Lopes,69,170,0.263,155,Right Handed,25.1
Catfish Hunter,72,190,0.226,6,Right Handed,25.8
Mario Soto,72,174,0.132,1,Right Handed,23.6
Jimmy Wynn,70,160,0.25,291,Right Handed,23
Hank Allen,72,190,0.241,6,Right Handed,25.8
Jim Fregosi,73,190,0.265,151,Right Handed,25.1
Pepe Frias,70,159,0.24,1,Right Handed,22.8
Mike Schmidt,74,195,0.267,548,Right Handed,25
Willie Montanez,72,170,0.275,139,Left Handed,23.1
Rey Quinones,71,160,0.243,29,Right Handed,22.3
Mike Squires,71,185,0.26,6,Left Handed,25.8
Champ Summers,74,205,0.255,54,Left Handed,26.3
Chuck Porter,75,187,0,0,Right Handed,23.4
Bert Campaneris,70,160,0.259,79,Right Handed,23
Bobby Valentine,70,189,0.26,12,Right Handed,27.1
Rob Andrews,72,185,0.251,3,Right Handed,25.1
Tom Haller,76,195,0.257,134,Left Handed,23.7
Tom Dozier,74,190,0,0,Right Handed,24.4
Ed Stroud,71,180,0.237,14,Left Handed,25.1
Ron Swoboda,74,195,0.242,73,Right Handed,25
Harry Spilman,73,180,0.237,18,Left Handed,23.7
Bob Barton,72,175,0.226,9,Right Handed,23.7
Daryl Sconiers,74,185,0.265,15,Left Handed,23.8
Joe Torre,74,212,0.297,252,Right Handed,27.2
Al Ferrara,73,200,0.259,51,Right Handed,26.4
Rick Steirer,76,200,0,0,Right Handed,24.3
Sixto Lezcano,70,165,0.271,148,Right Handed,23.7
Al Lachowicz,75,198,0,0,Right Handed,24.7
Dave Nicholson,74,215,0.212,61,Right Handed,27.6
Freddie Patek,65,148,0.242,41,Right Handed,24.6
Ken Hubbs,74,175,0.247,14,Right Handed,22.5
Pepe Mangual,70,157,0.242,16,Right Handed,22.5
Leron Lee,72,196,0.25,31,Left Handed,26.6
Tom McCarthy,72,180,0,0,Right Handed,24.4
Steve Ontiveros,72,185,0.274,24,Switch Hitter,25.1
Willie Davis,74,180,0.279,182,Left Handed,23.1
Tom Lawless,71,170,0.207,2,Right Handed,23.7
Jerry Moses,75,210,0.251,25,Right Handed,26.2
Bobby Bonds,73,190,0.268,332,Right Handed,25.1
Dave McNally,71,185,0.133,9,Right Handed,25.8
Darrell Brown,72,184,0.274,1,Switch Hitter,25
Roy Foster,72,185,0.253,45,Right Handed,25.1
Denis Menke,72,185,0.25,101,Right Handed,25.1
Hal Breeden,74,200,0.243,21,Right Handed,25.7
Manny Trillo,73,150,0.263,61,Right Handed,19.8
Jackie Gutierrez,71,175,0.237,4,Right Handed,24.4
Jerry Kenney,73,170,0.237,7,Left Handed,22.4
Fred Kendall,73,185,0.234,31,Right Handed,24.4
Mike Anderson,74,200,0.246,28,Right Handed,25.7
Jim Lewis,75,190,0,0,Right Handed,23.7
Joe Charboneau,74,205,0.266,29,Right Handed,26.3
Jimmie Schaffer,69,170,0.223,11,Right Handed,25.1
Junior Kennedy,71,175,0.248,4,Right Handed,24.4
Wilbur Howard,74,170,0.25,6,Switch Hitter,21.8
Rod Gilbreath,74,180,0.248,14,Right Handed,23.1
Mark Brouhard,73,210,0.259,25,Right Handed,27.7
Dan Morogiello,73,200,0,0,Left Handed,26.4
Mike Young,74,195,0.247,72,Switch Hitter,25
Chris Speier,73,175,0.246,112,Right Handed,23.1
Gene Michael,74,183,0.229,15,Switch Hitter,23.5
Vic Harris,71,165,0.217,13,Switch Hitter,23
Mike Fischlin,73,165,0.22,3,Right Handed,21.8
Don Money,73,170,0.261,176,Right Handed,22.4
Joe Rudi,74,200,0.264,179,Right Handed,25.7
Jim Rice,74,200,0.298,382,Right Handed,25.7
Shawn Holman,74,185,0,0,Right Handed,23.8
Alan Wirth,76,190,0,0,Right Handed,23.1
Gil Garrido,69,150,0.237,1,Right Handed,22.1
Marty Perez,71,160,0.246,22,Right Handed,22.3
Tom Matchick,73,173,0.215,4,Left Handed,22.8
Jack Perconte,70,160,0.27,2,Left Handed,23
Ed Kirkpatrick,71,195,0.238,85,Left Handed,27.2
Jerry Grote,70,185,0.252,39,Right Handed,26.5
Ellie Hendricks,73,175,0.22,62,Left Handed,23.1
Jim Beauchamp,74,190,0.231,14,Right Handed,24.4
Terry Wilshusen,74,210,0,0,Right Handed,27
Tito Fuentes,71,175,0.268,45,Switch Hitter,24.4
Ron Brand,67,167,0.239,3,Right Handed,26.2
Leo Cardenas,71,150,0.257,118,Right Handed,20.9
Art Shamsky,73,168,0.253,68,Left Handed,22.2
Steve Ellsworth,80,220,0,0,Right Handed,24.2
Ron Cey,70,185,0.261,316,Right Handed,26.5
Skip Jutze,71,190,0.215,3,Right Handed,26.5
Butch Wynegar,73,190,0.255,65,Switch Hitter,25.1
Ron LeFlore,72,200,0.288,59,Right Handed,27.1
Bill Russell,72,175,0.263,46,Right Handed,23.7
Gene Tenace,72,190,0.241,201,Right Handed,25.8
Bubba Morton,70,175,0.267,14,Right Handed,25.1
Ellie Rodriguez,71,185,0.245,16,Right Handed,25.8
Darrel Chaney,74,188,0.217,14,Switch Hitter,24.1
Dick Nen,74,200,0.224,21,Left Handed,25.7
Bryan Kelly,74,195,0,0,Right Handed,25
Bill Freehan,75,203,0.262,200,Right Handed,25.4
Steve Nicosia,70,185,0.248,11,Right Handed,26.5
Ted Savage,73,185,0.233,34,Right Handed,24.4
Pete Mackanin,74,190,0.226,30,Right Handed,24.4
Rich Dauer,72,180,0.257,43,Right Handed,24.4
Mick Kelleher,69,176,0.213,0,Right Handed,26
Rowland Office,72,170,0.259,32,Left Handed,23.1
Rick Leach,73,180,0.268,18,Left Handed,23.7
Dwayne Murphy,73,185,0.246,166,Left Handed,24.4
Larry Harlow,74,185,0.248,12,Left Handed,23.8
Mike Epstein,75,230,0.244,130,Left Handed,28.7
Jerry Mumphrey,74,185,0.289,70,Switch Hitter,23.8
Don Sutton,73,185,0.144,0,Right Handed,24.4
Glenn Beckert,73,190,0.283,22,Right Handed,25.1
Ron Davis,72,175,0.233,10,Right Handed,23.7
Mike Shannon,75,195,0.255,68,Right Handed,24.4
Jason Thompson,76,200,0.261,208,Left Handed,24.3
Wayne Tolleson,69,160,0.241,9,Switch Hitter,23.6
John Leister,74,200,0,0,Right Handed,25.7
Don Cooper,73,185,0,0,Right Handed,24.4
Mike Jorgensen,72,195,0.243,95,Left Handed,26.4
Ed Romero,71,160,0.247,8,Right Handed,22.3
Rick Joseph,73,192,0.243,13,Right Handed,25.3
Cecil Cooper,74,165,0.298,241,Left Handed,21.2
Bill Almon,75,180,0.254,36,Right Handed,22.5
Joe Ferguson,74,200,0.24,122,Right Handed,25.7
Jeff Jones,75,210,0,0,Right Handed,26.2
Jerry Terrell,71,165,0.253,4,Right Handed,23
John Poloni,77,210,0,0,Left Handed,24.9
Dave Revering,76,210,0.265,62,Left Handed,25.6
Curt Ford,70,150,0.245,7,Left Handed,21.5
Jerry Dybzinski,74,180,0.234,3,Right Handed,23.1
Mike Willis,74,205,0,0,Left Handed,26.3
Bob Burda,71,174,0.224,13,Left Handed,24.3
Jesse Gonder,70,180,0.251,26,Left Handed,25.8
Gary Sutherland,72,185,0.243,24,Right Handed,25.1
Bob Coluccio,71,183,0.22,26,Right Handed,25.5
Dave Rader,71,165,0.257,30,Left Handed,23
Ron Gardenhire,72,175,0.232,4,Right Handed,23.7
Bill Sharp,70,178,0.255,9,Left Handed,25.5
Alan Bannister,71,170,0.27,19,Right Handed,23.7
Bob Watson,72,201,0.295,184,Right Handed,27.3
Ken Harrelson,74,190,0.239,131,Right Handed,24.4
Bobby Wine,73,187,0.215,30,Right Handed,24.7
Stefan Wever,80,245,0,0,Right Handed,26.9
John Kennedy,72,185,0.225,32,Right Handed,25.1
Chico Ruiz,72,169,0.24,2,Switch Hitter,22.9
Dave Johnson,73,183,0,0,Right Handed,24.1
Gail Hopkins,70,198,0.266,25,Left Handed,28.4
Doug Frobel,76,196,0.201,20,Left Handed,23.9
Luis Melendez,72,165,0.248,9,Right Handed,22.4
Jerry Augustine,72,183,0,0,Left Handed,24.8
Bill Plummer,73,190,0.188,14,Right Handed,25.1
Buck Rodgers,74,190,0.232,31,Switch Hitter,24.4
Phil Niekro,73,180,0.169,7,Right Handed,23.7
Jeff Holly,77,210,0,0,Left Handed,24.9
Tom Poquette,70,175,0.268,10,Left Handed,25.1
Eric Hetzel,75,175,0,0,Right Handed,21.9
Brian Asselstine,73,175,0.254,12,Left Handed,23.1
Rick Miller,72,175,0.269,28,Left Handed,23.7
Ed Charles,70,170,0.263,86,Right Handed,24.4
Luis Gomez,69,150,0.21,0,Right Handed,22.1
Dave Lemanczyk,76,235,0,0,Right Handed,28.6
Al Jones,76,210,0,0,Right Handed,25.6
Floyd Rayford,70,190,0.244,38,Right Handed,27.3
Sam Hinds,78,215,0,0,Right Handed,24.8
Tony Conigliaro,75,185,0.264,166,Right Handed,23.1
Clay Christiansen,77,205,0,0,Right Handed,24.3
Jim Barr,75,205,0.162,1,Right Handed,25.6
Jerry Remy,69,165,0.275,7,Left Handed,24.4
Larry Rothschild,74,180,0,0,Left Handed,23.1
Frank Duffy,73,180,0.232,26,Right Handed,23.7
Gary Lance,75,195,0,0,Switch Hitter,24.4
Tom O'Malley,72,180,0.256,13,Left Handed,24.4
Phil Garner,70,175,0.26,109,Right Handed,25.1
Larry Pashnick,75,205,0,0,Right Handed,25.6
Todd Fischer,70,170,0,0,Right Handed,24.4
